Workbook

Sheet Календарь отгрузок
A1: Календарь отгрузок (вагоны) | J1: Календарь потребления (тонны)
A2: Пн | B2: Вт | C2: Ср | D2: Чт | E2: Пт | F2: Сб | G2: Вс | J2: Пн | K2: Вт | L2: Ср | M2: Чт | N2: Пт | O2: Сб | P2: Вс
C3: 1 | D3: 2 | E3: 3 | F3: 4 | G3: 5 | L3: 1 | M3: 2 | N3: 3 | O3: 4 | P3: 5
C4: 2 | D4: 1 | E4: 1 | F4: 2
A5: 6 | B5: 7 | C5: 8 | D5: 9 | E5: 10 | F5: 11 | G5: 12 | J5: 6 | K5: 7 | L5: 8 | M5: 9 | N5: 10 | O5: 11 | P5: 12
L6: 30 | M6: 20 | N6: 20 | O6: 80 | P6: 60
A7: 13 | B7: 14 | C7: 15 | D7: 16 | E7: 17 | F7: 18 | G7: 19 | J7: 13 | K7: 14 | L7: 15 | M7: 16 | N7: 17 | O7: 18 | P7: 19
J8: 60 | K8: 120
A9: 20 | B9: 21 | C9: 22 | D9: 23 | E9: 24 | F9: 25 | G9: 26 | J9: 20 | K9: 21 | L9: 22 | M9: 23 | N9: 24 | O9: 25 | P9: 26
A11: 27 | B11: 28 | C11: 29 | D11: 30 | E11: 31 | J11: 27 | K11: 28 | L11: 29 | M11: 30 | N11: 31

Sheet Проверка
A1: Дата отгрузки | B1: Вагон | C1: Дата прибытия | D1: Дата потребления | E1: Прибыло (т) | F1: Потребление (т) | G1: Остаток на конец дня | H1: Требуемый остаток | I1: Проверка
A2: 1 | B2: ='Календарь отгрузок'!C4 -> 2 | C2: =A2+7 -> 8 | D2: 8 | E2: =B2*60 -> 120 | F2: 30 | G2: =30+E2-F2 -> 120 | H2: =F3+F4+F5 -> 120 | I2: =IF(G2=H2,"OK","НЕ СООТВЕТСТВУЕТ") -> OK
A3: 2 | B3: ='Календарь отгрузок'!D4 -> 1 | C3: =A3+7 -> 9 | D3: 9 | E3: =B3*60 -> 60 | F3: 20 | G3: =G2+E3-F3 -> 160 | H3: =F4+F5+F6 -> 160 | I3: =IF(G3=H3,"OK","НЕ СООТВЕТСТВУЕТ") -> OK
A4: 3 | B4: ='Календарь отгрузок'!E4 -> 1 | C4: =A4+7 -> 10 | D4: 10 | E4: =B4*60 -> 60 | F4: 20 | G4: =G3+E4-F4 -> 200 | H4: =F5+F6+F7 -> 200 | I4: =IF(G4=H4,"OK","НЕ СООТВЕТСТВУЕТ") -> OK
A5: 4 | B5: ='Календарь отгрузок'!F4 -> 2 | C5: =A5+7 -> 11 | D5: 11 | E5: =B5*60 -> 120 | F5: 80 | G5: =G4+E5-F5 -> 240 | H5: =F6+F7+F8 -> 240 | I5: =IF(G5=H5,"OK","НЕ СООТВЕТСТВУЕТ") -> OK
A6: 5 | B6: ='Календарь отгрузок'!G4 -> 0 | C6: =A6+7 -> 12 | D6: 12 | E6: =B6*60 -> 0 | F6: 60 | G6: =G5+E6-F6 -> 180 | H6: =F7+F8+F9 -> 180 | I6: =IF(G6=H6,"OK","НЕ СООТВЕТСТВУЕТ") -> OK
A7: 6 | B7: ='Календарь отгрузок'!A6 -> 0 | C7: =A7+7 -> 13 | D7: 13 | E7: =B7*60 -> 0 | F7: 60 | G7: =G6+E7-F7 -> 120 | H7: =F8+F9+F10 -> 120 | I7: =IF(G7=H7,"OK","НЕ СООТВЕТСТВУЕТ") -> OK
A8: 7 | B8: ='Календарь отгрузок'!B6 -> 0 | C8: =A8+7 -> 14 | D8: 14 | E8: =B8*60 -> 0 | F8: 120 | G8: =G7+E8-F8 -> 0 | H8: =F9+F10+F11 -> 0 | I8: =IF(G8=H8,"OK","НЕ СООТВЕТСТВУЕТ") -> OK
A9: 8 | B9: ='Календарь отгрузок'!C6 -> 0 | C9: =A9+7 -> 15 | D9: 15 | E9: =B9*60 -> 0 | F9: 0 | G9: =G8+E9-F9 -> 0 | H9: =F10+F11+F12 -> 0 | I9: =IF(B9>0,"ПОЗДНЯЯ ОТГРУЗКА","ОК") -> ОК
A10: 9 | B10: ='Календарь отгрузок'!D6 -> 0 | C10: =A10+7 -> 16 | D10: 16 | E10: =B10*60 -> 0 | F10: 0 | G10: =G9+E10-F10 -> 0 | H10: =F11+F12+F13 -> 0 | I10: =IF(B10>0,"ПОЗДНЯЯ ОТГРУЗКА","ОК") -> ОК
A11: 10 | B11: ='Календарь отгрузок'!E6 -> 0 | C11: =A11+7 -> 17 | D11: 17 | E11: =B11*60 -> 0 | F11: 0 | G11: =G10+E11-F11 -> 0 | H11: =F12+F13+F14 -> 0 | I11: =IF(B11>0,"ПОЗДНЯЯ ОТГРУЗКА","ОК") -> ОК
A12: 11 | B12: ='Календарь отгрузок'!F6 -> 0 | C12: =A12+7 -> 18 | D12: 18 | E12: =B12*60 -> 0 | F12: 0 | G12: =G11+E12-F12 -> 0 | H12: =F13+F14+F15 -> 0 | I12: =IF(B12>0,"ПОЗДНЯЯ ОТГРУЗКА","ОК") -> ОК
A13: 12 | B13: ='Календарь отгрузок'!G6 -> 0 | C13: =A13+7 -> 19 | D13: 19 | E13: =B13*60 -> 0 | F13: 0 | G13: =G12+E13-F13 -> 0 | H13: =F14+F15+F16 -> 0 | I13: =IF(B13>0,"ПОЗДНЯЯ ОТГРУЗКА","ОК") -> ОК
A14: 13 | B14: ='Календарь отгрузок'!A8 -> 0 | C14: =A14+7 -> 20 | D14: 20 | E14: =B14*60 -> 0 | F14: 0 | G14: =G13+E14-F14 -> 0 | H14: =F15+F16+F17 -> 0 | I14: =IF(B14>0,"ПОЗДНЯЯ ОТГРУЗКА","ОК") -> ОК
A15: 14 | B15: ='Календарь отгрузок'!B8 -> 0 | C15: =A15+7 -> 21 | D15: 21 | E15: =B15*60 -> 0 | F15: 0 | G15: =G14+E15-F15 -> 0 | H15: =F16+F17+F18 -> 0 | I15: =IF(B15>0,"ПОЗДНЯЯ ОТГРУЗКА","ОК") -> ОК
A16: 15 | B16: ='Календарь отгрузок'!C8 -> 0 | C16: =A16+7 -> 22 | D16: 22 | E16: =B16*60 -> 0 | F16: 0 | G16: =G15+E16-F16 -> 0 | H16: =F17+F18+F19 -> 0 | I16: =IF(B16>0,"ПОЗДНЯЯ ОТГРУЗКА","ОК") -> ОК
A17: 16 | B17: ='Календарь отгрузок'!D8 -> 0 | C17: =A17+7 -> 23 | D17: 23 | E17: =B17*60 -> 0 | F17: 0 | G17: =G16+E17-F17 -> 0 | H17: =F18+F19+F20 -> 0 | I17: =IF(B17>0,"ПОЗДНЯЯ ОТГРУЗКА","ОК") -> ОК
A18: 17 | B18: ='Календарь отгрузок'!E8 -> 0 | C18: =A18+7 -> 24 | D18: 24 | E18: =B18*60 -> 0 | F18: 0 | G18: =G17+E18-F18 -> 0 | H18: =F19+F20+F21 -> 0 | I18: =IF(B18>0,"ПОЗДНЯЯ ОТГРУЗКА","ОК") -> ОК
A19: 18 | B19: ='Календарь отгрузок'!F8 -> 0 | C19: =A19+7 -> 25 | D19: 25 | E19: =B19*60 -> 0 | F19: 0 | G19: =G18+E19-F19 -> 0 | H19: =F20+F21+F22 -> 0 | I19: =IF(B19>0,"ПОЗДНЯЯ ОТГРУЗКА","ОК") -> ОК
A20: 19 | B20: ='Календарь отгрузок'!G8 -> 0 | C20: =A20+7 -> 26 | D20: 26 | E20: =B20*60 -> 0 | F20: 0 | G20: =G19+E20-F20 -> 0 | H20: =F21+F22+F23 -> 0 | I20: =IF(B20>0,"ПОЗДНЯЯ ОТГРУЗКА","ОК") -> ОК
A21: 20 | B21: ='Календарь отгрузок'!A10 -> 0 | C21: =A21+7 -> 27 | D21: 27 | E21: =B21*60 -> 0 | F21: 0 | G21: =G20+E21-F21 -> 0 | H21: =F22+F23+F24 -> 0 | I21: =IF(B21>0,"ПОЗДНЯЯ ОТГРУЗКА","ОК") -> ОК
A22: 21 | B22: ='Календарь отгрузок'!B10 -> 0 | C22: =A22+7 -> 28 | D22: 28 | E22: =B22*60 -> 0 | F22: 0 | G22: =G21+E22-F22 -> 0 | H22: =F23+F24+F25 -> 0 | I22: =IF(B22>0,"ПОЗДНЯЯ ОТГРУЗКА","ОК") -> ОК
A23: 22 | B23: ='Календарь отгрузок'!C10 -> 0 | C23: =A23+7 -> 29 | D23: 29 | E23: =B23*60 -> 0 | F23: 0 | G23: =G22+E23-F23 -> 0 | H23: =F24+F25+F26 -> 0 | I23: =IF(B23>0,"ПОЗДНЯЯ ОТГРУЗКА","ОК") -> ОК
A24: 23 | B24: ='Календарь отгрузок'!D10 -> 0 | C24: =A24+7 -> 30 | D24: 30 | E24: =B24*60 -> 0 | F24: 0 | G24: =G23+E24-F24 -> 0 | H24: =F25+F26+F27 -> 0 | I24: =IF(B24>0,"ПОЗДНЯЯ ОТГРУЗКА","ОК") -> ОК
A25: 24 | B25: ='Календарь отгрузок'!E10 -> 0
A26: 25 | B26: ='Календарь отгрузок'!F10 -> 0
A27: 26 | B27: ='Календарь отгрузок'!G10 -> 0
A28: 27 | B28: ='Календарь отгрузок'!A12 -> 0
A29: 28 | B29: ='Календарь отгрузок'!B12 -> 0
A30: 29 | B30: ='Календарь отгрузок'!C12 -> 0
A31: 30 | B31: ='Календарь отгрузок'!D12 -> 0
A32: 31 | B32: ='Календарь отгрузок'!E12 -> 0
A36: Итоговая проверка: | B36: =IF(COUNTIF(I5:I18,"НЕ СООТВЕТСТВУЕТ")=0,"Все условия выполнены","Есть нарушения") -> Все условия выполнены
